pps,Gender
pp01,m
pp02,m
pp03,f
pp04,f
pp05,f
pp06,f
pp07,f
pp08,m
pp09,f
pp10,f
pp11,f
pp12,f
pp13,m
pp14,f
pp15,f
pp16,f
pp17,m
pp18,f
pp19,f
pp20,m
pp21,m
pp23,m
pp24,f
pp25,m
pp26,f
pp27,m
pp28,f
pp29,f
pp30,f
pp31,f
pp32,f
pp33,f
pp34,f
pp35,f
pp36,f
pp37,m
pp38,m
pp39,f
pp40,f
pp41,f
pp42,f
pp43,f
pp44,f
pp45,f
pp46,f
pp47,f
pp48,f
pp49,f
pp50,m
pp51,f
pp52,m
pp53,m
pp54,f
pp55,f
pp56,f
pp57,m
pp58,m
pp59,m
pp60,m
pp61,m
pp62,m
pp63,m
pp64,f
pp65,m
pp66,m
pp67,f
pp68,m
pp69,m
pp70,m
pp71,m
pp72,m
pp73,m
pp74,m
pp75,m
pp76,m
pp77,m
pp78,m
