"","x"
"1","Snews22scrambled.jpg"
"2","SnewIAPS27.jpg"
"3","SnewIAPS31.jpg"
"4","smile6640x480scrambled.jpg"
"5","2165scrambled.jpg"
"6","5628scrambled.jpg"
"7","Snewes42scrambled.jpg"
"8","Snews25scrambled.jpg"
"9","family640x480scrambled.jpg"
"10","SnewIAPS13.jpg"
"11","fam1reading640x480scrambled.jpg"
"12","Snews2.jpg"
"13","SnewIAPS35scrambled.jpg"
"14","SnewIAPS36.jpg"
"15","Snewes7.jpg"
"16","SnewIAPS8scrambled.jpg"
"17","wedding2640x480scrambled.jpg"
"18","Snews27.jpg"
"19","SnewIAPS17.jpg"
"20","Snews5.jpg"
"21","Snews27scrambled.jpg"
"22","Snews24scrambled.jpg"
"23","SnewIAPS29scrambled.jpg"
"24","Snewes8black.jpg"
"25","SnewIAPS8.jpg"
"26","wedding640x480.jpg"
"27","Snewes42.jpg"
"28","smilee640x480.jpg"
"29","SnewIAPS30scrambled.jpg"
"30","Snews5scrambled.jpg"
"31","family2640x480scrambled.jpg"
"32","Snews26scrambled.jpg"
"33","SnewIAPS17scrambled.jpg"
"34","Snews2scrambled.jpg"
"35","SnewIAPS36scrambled.jpg"
"36","SnewIAPS14scrambled.jpg"
"37","family2640x480.jpg"
"38","famreading640x480scrambled.jpg"
"39","SnewIAPS13scrambled.jpg"
"40","Snewes10.jpg"
"41","wedding3640x480.jpg"
"42","famreading640x480.jpg"
"43","5830.jpg"
"44","Snews22.jpg"
"45","SnewIAPS14.jpg"
"46","SnewIAPS28.jpg"
"47","Snewes10scrambled.jpg"
"48","wedding640x480scrambled.jpg"
"49","5830scrambled.jpg"
"50","Snews7scrambled.jpg"
"51","fam1reading640x480.jpg"
"52","8496scrambled.jpg"
"53","Snews6scrambled.jpg"
"54","smile1640x480.jpg"
"55","childreading640x480scrambled.jpg"
"56","Snews7.jpg"
"57","SnewIAPS35.jpg"
"58","Snewes38scrambled.jpg"
"59","smile6640x480.jpg"
"60","2165.jpg"
"61","Snewes8blackscrambled.jpg"
"62","SnewIAPS28scrambled.jpg"
"63","Snews24.jpg"
"64","family640x480.jpg"
"65","8496.jpg"
"66","SnewIAPS29.jpg"
"67","Snews25.jpg"
"68","Snewes38.jpg"
"69","Snews6.jpg"
"70","smile1640x480scrambled.jpg"
"71","5628.jpg"
"72","wedding2640x480.jpg"
"73","wedding3640x480scrambled.jpg"
"74","smilee640x480scrambled.jpg"
"75","SnewIAPS31scrambled.jpg"
"76","Snews26.jpg"
"77","SnewIAPS30.jpg"
"78","Snewes7scrambled.jpg"
"79","SnewIAPS27scrambled.jpg"
"80","childreading640x480.jpg"
