,ge,fv,,match?,,,fv list?,Ge list?,FV list
1,2165.jpg,2165.jpg,,,,2165.jpg,2165.jpg,2165.jpg,2165.jpg
2,2165scrambled.jpg,2165scrambled.jpg,,,,5628.jpg,5628.jpg,5628.jpg,5628.jpg
3,5628.jpg,5628.jpg,,,,5830.jpg,5830.jpg,5830.jpg,5830.jpg
4,5628scrambled.jpg,5628scrambled.jpg,,,,8496.jpg,8496.jpg,8496.jpg,8496.jpg
5,5830.jpg,5830.jpg,,,,childreadingborder.jpg,#N/A,childreadingborder.jpg,childreading640x480.jpg
6,5830scrambled.jpg,5830scrambled.jpg,,,,fam1reading.jpg,#N/A,fam1reading.jpg,fam1reading640x480.jpg
7,8496.jpg,8496.jpg,,,,family.jpg,#N/A,family.jpg,family640x480.jpg
8,8496scrambled.jpg,8496scrambled.jpg,,,,family2.jpg,#N/A,family2.jpg,family2640x480.jpg
9,childreadingborder.jpg,childreading640x480.jpg,,yes,,famreadingborderLum.jpg,#N/A,famreadingborderLum.jpg,famreading640x480.jpg
10,childreadingborderscrambled.jpg,childreading640x480scrambled.jpg,,yes,,smile1.jpg,#N/A,smile1.jpg,smile1640x480.jpg
11,fam1reading.jpg,fam1reading640x480.jpg,,yes,,smile6.jpg,#N/A,smile6.jpg,smile6640x480.jpg
12,fam1readingscrambled.jpg,fam1reading640x480scrambled.jpg,,yes,,smilee.jpg,#N/A,smilee.jpg,smilee640x480.jpg
13,family2.jpg,family2640x480.jpg,,yes,,Snewes10.jpg,Snewes10.jpg,Snewes10.jpg,Snewes10.jpg
14,family2scrambled.jpg,family2640x480scrambled.jpg,,yes,,Snewes38border.jpg,#N/A,Snewes38border.jpg,Snewes38.jpg
15,family.jpg,family640x480.jpg,,yes,,Snewes42.jpg,Snewes42.jpg,Snewes42.jpg,Snewes42.jpg
16,familyscrambled.jpg,family640x480scrambled.jpg,,yes,,Snewes7Lum.jpg,#N/A,Snewes7Lum.jpg,Snewes7.jpg
17,famreadingborderLum.jpg,famreading640x480.jpg,,yes,,Snewes8black.jpg,Snewes8black.jpg,Snewes8black.jpg,Snewes8black.jpg
18,famreadingborderLumscrambled.jpg,famreading640x480scrambled.jpg,,yes,,SnewIAPS13.jpg,SnewIAPS13.jpg,SnewIAPS13.jpg,SnewIAPS13.jpg
19,smile1.jpg,smile1640x480.jpg,,yes,,SnewIAPS14Lum.jpg,#N/A,SnewIAPS14Lum.jpg,SnewIAPS14.jpg
20,smile1scrambled.jpg,smile1640x480scrambled.jpg,,yes,,SnewIAPS17.jpg,SnewIAPS17.jpg,SnewIAPS17.jpg,SnewIAPS17.jpg
21,smile6.jpg,smile6640x480.jpg,,yes,,SnewIAPS27.jpg,SnewIAPS27.jpg,SnewIAPS27.jpg,SnewIAPS27.jpg
22,smile6scrambled.jpg,smile6640x480scrambled.jpg,,yes,,SnewIAPS28.jpg,SnewIAPS28.jpg,SnewIAPS28.jpg,SnewIAPS28.jpg
23,smilee.jpg,smilee640x480.jpg,,yes,,SnewIAPS29Lum.jpg,#N/A,SnewIAPS29Lum.jpg,SnewIAPS29.jpg
24,smileescrambled.jpg,smilee640x480scrambled.jpg,,yes,,SnewIAPS30.jpg,SnewIAPS30.jpg,SnewIAPS30.jpg,SnewIAPS30.jpg
25,Snewes10.jpg,Snewes10.jpg,,,,SnewIAPS31.jpg,SnewIAPS31.jpg,SnewIAPS31.jpg,SnewIAPS31.jpg
26,Snewes10scrambled.jpg,Snewes10scrambled.jpg,,,,SnewIAPS35.jpg,SnewIAPS35.jpg,SnewIAPS35.jpg,SnewIAPS35.jpg
27,Snewes38border.jpg,Snewes38.jpg,,yes,,SnewIAPS36.jpg,SnewIAPS36.jpg,SnewIAPS36.jpg,SnewIAPS36.jpg
28,Snewes38borderscrambled.jpg,Snewes38scrambled.jpg,,yes,,SnewIAPS8.jpg,SnewIAPS8.jpg,SnewIAPS8.jpg,SnewIAPS8.jpg
29,Snewes42.jpg,Snewes42.jpg,,,,Snews22.jpg,Snews22.jpg,Snews22.jpg,Snews22.jpg
30,Snewes42scrambled.jpg,Snewes42scrambled.jpg,,,,Snews24.jpg,Snews24.jpg,Snews24.jpg,Snews24.jpg
31,Snewes7Lum.jpg,Snewes7.jpg,,yes,,Snews25.jpg,Snews25.jpg,Snews25.jpg,Snews25.jpg
32,Snewes7Lumscrambled.jpg,Snewes7scrambled.jpg,,yes,,Snews26.jpg,Snews26.jpg,Snews26.jpg,Snews26.jpg
33,Snewes8black.jpg,Snewes8black.jpg,,,,Snews27.jpg,Snews27.jpg,Snews27.jpg,Snews27.jpg
34,Snewes8blackscrambled.jpg,Snewes8blackscrambled.jpg,,,,Snews2Lum.jpg,#N/A,Snews2Lum.jpg,Snews2.jpg
35,SnewIAPS13.jpg,SnewIAPS13.jpg,,,,Snews5.jpg,Snews5.jpg,Snews5.jpg,Snews5.jpg
36,SnewIAPS13scrambled.jpg,SnewIAPS13scrambled.jpg,,,,Snews6.jpg,Snews6.jpg,Snews6.jpg,Snews6.jpg
37,SnewIAPS14Lum.jpg,SnewIAPS14.jpg,,yes,,Snews7.jpg,Snews7.jpg,Snews7.jpg,Snews7.jpg
38,SnewIAPS14Lumscrambled.jpg,SnewIAPS14scrambled.jpg,,yes,,wedding.jpg,#N/A,wedding.jpg,wedding640x480.jpg
39,SnewIAPS17.jpg,SnewIAPS17.jpg,,,,wedding2.jpg,#N/A,wedding2.jpg,wedding2640x480.jpg
40,SnewIAPS17scrambled.jpg,SnewIAPS17scrambled.jpg,,,,wedding3.jpg,#N/A,wedding3.jpg,wedding3640x480.jpg
41,SnewIAPS27.jpg,SnewIAPS27.jpg,,,,2165scrambled.jpg,2165scrambled.jpg,2165scrambled.jpg,2165scrambled.jpg
42,SnewIAPS27scrambled.jpg,SnewIAPS27scrambled.jpg,,,,5628scrambled.jpg,5628scrambled.jpg,5628scrambled.jpg,5628scrambled.jpg
43,SnewIAPS28.jpg,SnewIAPS28.jpg,,,,5830scrambled.jpg,5830scrambled.jpg,5830scrambled.jpg,5830scrambled.jpg
44,SnewIAPS28scrambled.jpg,SnewIAPS28scrambled.jpg,,,,8496scrambled.jpg,8496scrambled.jpg,8496scrambled.jpg,8496scrambled.jpg
45,SnewIAPS29Lum.jpg,SnewIAPS29.jpg,,yes,,childreadingborderscrambled.jpg,#N/A,childreadingborderscrambled.jpg,childreading640x480scrambled.jpg
46,SnewIAPS29Lumscrambled.jpg,SnewIAPS29scrambled.jpg,,yes,,fam1readingscrambled.jpg,#N/A,fam1readingscrambled.jpg,fam1reading640x480scrambled.jpg
47,SnewIAPS30.jpg,SnewIAPS30.jpg,,,,familyscrambled.jpg,#N/A,familyscrambled.jpg,family640x480scrambled.jpg
48,SnewIAPS30scrambled.jpg,SnewIAPS30scrambled.jpg,,,,family2scrambled.jpg,#N/A,family2scrambled.jpg,family2640x480scrambled.jpg
49,SnewIAPS31.jpg,SnewIAPS31.jpg,,,,famreadingborderLumscrambled.jpg,#N/A,famreadingborderLumscrambled.jpg,famreading640x480scrambled.jpg
50,SnewIAPS31scrambled.jpg,SnewIAPS31scrambled.jpg,,,,smile1scrambled.jpg,#N/A,smile1scrambled.jpg,smile1640x480scrambled.jpg
51,SnewIAPS35.jpg,SnewIAPS35.jpg,,,,smile6scrambled.jpg,#N/A,smile6scrambled.jpg,smile6640x480scrambled.jpg
52,SnewIAPS35scrambled.jpg,SnewIAPS35scrambled.jpg,,,,smileescrambled.jpg,#N/A,smileescrambled.jpg,smilee640x480scrambled.jpg
53,SnewIAPS36.jpg,SnewIAPS36.jpg,,,,Snewes10scrambled.jpg,Snewes10scrambled.jpg,Snewes10scrambled.jpg,Snewes10scrambled.jpg
54,SnewIAPS36scrambled.jpg,SnewIAPS36scrambled.jpg,,,,Snewes38borderscrambled.jpg,#N/A,Snewes38borderscrambled.jpg,Snewes38scrambled.jpg
55,SnewIAPS8.jpg,SnewIAPS8.jpg,,,,Snewes42scrambled.jpg,Snewes42scrambled.jpg,Snewes42scrambled.jpg,Snewes42scrambled.jpg
56,SnewIAPS8scrambled.jpg,SnewIAPS8scrambled.jpg,,,,Snewes7Lumscrambled.jpg,#N/A,Snewes7Lumscrambled.jpg,Snewes7scrambled.jpg
57,Snews2Lum.jpg,Snews2.jpg,,yes,,Snewes8blackscrambled.jpg,Snewes8blackscrambled.jpg,Snewes8blackscrambled.jpg,Snewes8blackscrambled.jpg
58,Snews22.jpg,Snews22.jpg,,,,SnewIAPS13scrambled.jpg,SnewIAPS13scrambled.jpg,SnewIAPS13scrambled.jpg,SnewIAPS13scrambled.jpg
59,Snews22scrambled.jpg,Snews22scrambled.jpg,,,,SnewIAPS14Lumscrambled.jpg,#N/A,SnewIAPS14Lumscrambled.jpg,SnewIAPS14scrambled.jpg
60,Snews24.jpg,Snews24.jpg,,,,SnewIAPS17scrambled.jpg,SnewIAPS17scrambled.jpg,SnewIAPS17scrambled.jpg,SnewIAPS17scrambled.jpg
61,Snews24scrambled.jpg,Snews24scrambled.jpg,,,,SnewIAPS27scrambled.jpg,SnewIAPS27scrambled.jpg,SnewIAPS27scrambled.jpg,SnewIAPS27scrambled.jpg
62,Snews25.jpg,Snews25.jpg,,,,SnewIAPS28scrambled.jpg,SnewIAPS28scrambled.jpg,SnewIAPS28scrambled.jpg,SnewIAPS28scrambled.jpg
63,Snews25scrambled.jpg,Snews25scrambled.jpg,,,,SnewIAPS29Lumscrambled.jpg,#N/A,SnewIAPS29Lumscrambled.jpg,SnewIAPS29scrambled.jpg
64,Snews26.jpg,Snews26.jpg,,,,SnewIAPS30scrambled.jpg,SnewIAPS30scrambled.jpg,SnewIAPS30scrambled.jpg,SnewIAPS30scrambled.jpg
65,Snews26scrambled.jpg,Snews26scrambled.jpg,,,,SnewIAPS31scrambled.jpg,SnewIAPS31scrambled.jpg,SnewIAPS31scrambled.jpg,SnewIAPS31scrambled.jpg
66,Snews27.jpg,Snews27.jpg,,,,SnewIAPS35scrambled.jpg,SnewIAPS35scrambled.jpg,SnewIAPS35scrambled.jpg,SnewIAPS35scrambled.jpg
67,Snews27scrambled.jpg,Snews27scrambled.jpg,,,,SnewIAPS36scrambled.jpg,SnewIAPS36scrambled.jpg,SnewIAPS36scrambled.jpg,SnewIAPS36scrambled.jpg
68,Snews2Lumscrambled.jpg,Snews2scrambled.jpg,,yes,,SnewIAPS8scrambled.jpg,SnewIAPS8scrambled.jpg,SnewIAPS8scrambled.jpg,SnewIAPS8scrambled.jpg
69,Snews5.jpg,Snews5.jpg,,,,Snews22scrambled.jpg,Snews22scrambled.jpg,Snews22scrambled.jpg,Snews22scrambled.jpg
70,Snews5scrambled.jpg,Snews5scrambled.jpg,,,,Snews24scrambled.jpg,Snews24scrambled.jpg,Snews24scrambled.jpg,Snews24scrambled.jpg
71,Snews6.jpg,Snews6.jpg,,,,Snews25scrambled.jpg,Snews25scrambled.jpg,Snews25scrambled.jpg,Snews25scrambled.jpg
72,Snews6scrambled.jpg,Snews6scrambled.jpg,,,,Snews26scrambled.jpg,Snews26scrambled.jpg,Snews26scrambled.jpg,Snews26scrambled.jpg
73,Snews7.jpg,Snews7.jpg,,,,Snews27scrambled.jpg,Snews27scrambled.jpg,Snews27scrambled.jpg,Snews27scrambled.jpg
74,Snews7scrambled.jpg,Snews7scrambled.jpg,,,,Snews2Lumscrambled.jpg,#N/A,Snews2Lumscrambled.jpg,Snews2scrambled.jpg
75,wedding2.jpg,wedding2640x480.jpg,,yes,,Snews5scrambled.jpg,Snews5scrambled.jpg,Snews5scrambled.jpg,Snews5scrambled.jpg
76,wedding2scrambled.jpg,wedding2640x480scrambled.jpg,,yes,,Snews6scrambled.jpg,Snews6scrambled.jpg,Snews6scrambled.jpg,Snews6scrambled.jpg
77,wedding3.jpg,wedding3640x480.jpg,,yes,,Snews7scrambled.jpg,Snews7scrambled.jpg,Snews7scrambled.jpg,Snews7scrambled.jpg
78,wedding3scrambled.jpg,wedding3640x480scrambled.jpg,,yes,,weddingscrambled.jpg,#N/A,weddingscrambled.jpg,wedding640x480scrambled.jpg
79,wedding.jpg,wedding640x480.jpg,,yes,,wedding2scrambled.jpg,#N/A,wedding2scrambled.jpg,wedding2640x480scrambled.jpg
80,weddingscrambled.jpg,wedding640x480scrambled.jpg,,yes,,wedding3scrambled.jpg,#N/A,wedding3scrambled.jpg,wedding3640x480scrambled.jpg
